name,age,yearofbirth,salary
test1,26,1990,500
test6,27,1989,500
test3,28,1988,500
test5,30,1986,600
test1,26,1990,500
test6,27,1989,500
test3,28,1988,500
test5,30,1986,600
test1,26,1990,500
test6,27,1989,500
test3,28,1988,500
test5,30,1986,600
test1,26,1990,500
test6,27,1989,500
test3,28,1988,500
test5,30,1986,600
test1,26,1990,500
test6,27,1989,500
test3,28,1988,500
test5,30,1986,600
test1,26,1990,500
test6,27,1989,500
test3,28,1988,500
test5,30,1986,600
test1,26,1990,500
test6,27,1989,500
test3,28,1988,500
test5,30,1986,600
test1,26,1990,500
test6,27,1989,500
test3,28,1988,500
test5,30,1986,600
test1,26,1990,500
test6,27,1989,500
test3,28,1988,500
test5,30,1986,600
test1,26,1990,500
test6,27,1989,500
test3,28,1988,500
test5,30,1986,600
test1,26,1990,500
test6,27,1989,500
test3,28,1988,500
test5,30,1986,600
test1,26,1990,500
test6,27,1989,500
test3,28,1988,500
test5,30,1986,600